compte,date_ecriture,journal,libelle,debit,credit
401000,2026-01-31,ACH,Fournisseurs janvier 2026,0.00,12500.00
512000,2026-01-31,ACH,Fournisseurs janvier 2026,12500.00,0.00
411000,2026-01-31,VTE,Clients janvier 2026,18700.00,0.00
512000,2026-01-31,VTE,Clients janvier 2026,0.00,18700.00
601000,2026-01-31,ACH,Achats matières premières janvier 2026,8200.00,0.00
512000,2026-01-31,ACH,Achats matières premières janvier 2026,0.00,8200.00
606100,2026-01-31,ACH,Fournitures non stockables janvier 2026,1450.00,0.00
512000,2026-01-31,ACH,Fournitures non stockables janvier 2026,0.00,1450.00
613000,2026-01-31,ACH,Locations janvier 2026,3200.00,0.00
512000,2026-01-31,ACH,Locations janvier 2026,0.00,3200.00
621000,2026-01-31,ACH,Personnel extérieur janvier 2026,4100.00,0.00
512000,2026-01-31,ACH,Personnel extérieur janvier 2026,0.00,4100.00
641000,2026-01-31,PAIE,Rémunérations du personnel janvier 2026,22500.00,0.00
512000,2026-01-31,PAIE,Rémunérations du personnel janvier 2026,0.00,22500.00
645000,2026-01-31,PAIE,Charges de sécurité sociale janvier 2026,9600.00,0.00
512000,2026-01-31,PAIE,Charges de sécurité sociale janvier 2026,0.00,9600.00
661000,2026-01-31,BQ,Charges d'intérêts janvier 2026,850.00,0.00
512000,2026-01-31,BQ,Charges d'intérêts janvier 2026,0.00,850.00
681000,2026-01-31,OD,Dotations aux amortissements janvier 2026,2100.00,0.00
512000,2026-01-31,OD,Dotations aux amortissements janvier 2026,0.00,2100.00
701000,2026-01-31,VTE,Ventes de produits finis janvier 2026,0.00,38200.00
512000,2026-01-31,VTE,Ventes de produits finis janvier 2026,38200.00,0.00
706000,2026-01-31,VTE,Prestations de services janvier 2026,0.00,6100.00
512000,2026-01-31,VTE,Prestations de services janvier 2026,6100.00,0.00
708000,2026-01-31,VTE,Produits des activités annexes janvier 2026,0.00,1200.00
512000,2026-01-31,VTE,Produits des activités annexes janvier 2026,1200.00,0.00
761000,2026-01-31,BQ,Produits financiers janvier 2026,0.00,320.00
512000,2026-01-31,BQ,Produits financiers janvier 2026,320.00,0.00
401000,2026-02-28,ACH,Fournisseurs février 2026,0.00,9800.00
512000,2026-02-28,ACH,Fournisseurs février 2026,9800.00,0.00
411000,2026-02-28,VTE,Clients février 2026,21300.00,0.00
512000,2026-02-28,VTE,Clients février 2026,0.00,21300.00
601000,2026-02-28,ACH,Achats matières premières février 2026,7600.00,0.00
512000,2026-02-28,ACH,Achats matières premières février 2026,0.00,7600.00
606100,2026-02-28,ACH,Fournitures non stockables février 2026,1300.00,0.00
512000,2026-02-28,ACH,Fournitures non stockables février 2026,0.00,1300.00
613000,2026-02-28,ACH,Locations février 2026,3200.00,0.00
512000,2026-02-28,ACH,Locations février 2026,0.00,3200.00
621000,2026-02-28,ACH,Personnel extérieur février 2026,3900.00,0.00
512000,2026-02-28,ACH,Personnel extérieur février 2026,0.00,3900.00
641000,2026-02-28,PAIE,Rémunérations du personnel février 2026,22500.00,0.00
512000,2026-02-28,PAIE,Rémunérations du personnel février 2026,0.00,22500.00
645000,2026-02-28,PAIE,Charges de sécurité sociale février 2026,9600.00,0.00
512000,2026-02-28,PAIE,Charges de sécurité sociale février 2026,0.00,9600.00
661000,2026-02-28,BQ,Charges d'intérêts février 2026,850.00,0.00
512000,2026-02-28,BQ,Charges d'intérêts février 2026,0.00,850.00
681000,2026-02-28,OD,Dotations aux amortissements février 2026,2100.00,0.00
512000,2026-02-28,OD,Dotations aux amortissements février 2026,0.00,2100.00
701000,2026-02-28,VTE,Ventes de produits finis février 2026,0.00,41500.00
512000,2026-02-28,VTE,Ventes de produits finis février 2026,41500.00,0.00
706000,2026-02-28,VTE,Prestations de services février 2026,0.00,5800.00
512000,2026-02-28,VTE,Prestations de services février 2026,5800.00,0.00
708000,2026-02-28,VTE,Produits des activités annexes février 2026,0.00,980.00
512000,2026-02-28,VTE,Produits des activités annexes février 2026,980.00,0.00
761000,2026-02-28,BQ,Produits financiers février 2026,0.00,280.00
512000,2026-02-28,BQ,Produits financiers février 2026,280.00,0.00
401000,2026-03-31,ACH,Fournisseurs mars 2026,0.00,15200.00
512000,2026-03-31,ACH,Fournisseurs mars 2026,15200.00,0.00
411000,2026-03-31,VTE,Clients mars 2026,19800.00,0.00
512000,2026-03-31,VTE,Clients mars 2026,0.00,19800.00
601000,2026-03-31,ACH,Achats matières premières mars 2026,9100.00,0.00
512000,2026-03-31,ACH,Achats matières premières mars 2026,0.00,9100.00
606100,2026-03-31,ACH,Fournitures non stockables mars 2026,1600.00,0.00
512000,2026-03-31,ACH,Fournitures non stockables mars 2026,0.00,1600.00
613000,2026-03-31,ACH,Locations mars 2026,3200.00,0.00
512000,2026-03-31,ACH,Locations mars 2026,0.00,3200.00
621000,2026-03-31,ACH,Personnel extérieur mars 2026,4300.00,0.00
512000,2026-03-31,ACH,Personnel extérieur mars 2026,0.00,4300.00
641000,2026-03-31,PAIE,Rémunérations du personnel mars 2026,22500.00,0.00
512000,2026-03-31,PAIE,Rémunérations du personnel mars 2026,0.00,22500.00
645000,2026-03-31,PAIE,Charges de sécurité sociale mars 2026,9600.00,0.00
512000,2026-03-31,PAIE,Charges de sécurité sociale mars 2026,0.00,9600.00
661000,2026-03-31,BQ,Charges d'intérêts mars 2026,900.00,0.00
512000,2026-03-31,BQ,Charges d'intérêts mars 2026,0.00,900.00
681000,2026-03-31,OD,Dotations aux amortissements mars 2026,2100.00,0.00
512000,2026-03-31,OD,Dotations aux amortissements mars 2026,0.00,2100.00
701000,2026-03-31,VTE,Ventes de produits finis mars 2026,0.00,39800.00
512000,2026-03-31,VTE,Ventes de produits finis mars 2026,39800.00,0.00
706000,2026-03-31,VTE,Prestations de services mars 2026,0.00,6400.00
512000,2026-03-31,VTE,Prestations de services mars 2026,6400.00,0.00
708000,2026-03-31,VTE,Produits des activités annexes mars 2026,0.00,1350.00
512000,2026-03-31,VTE,Produits des activités annexes mars 2026,1350.00,0.00
761000,2026-03-31,BQ,Produits financiers mars 2026,0.00,410.00
512000,2026-03-31,BQ,Produits financiers mars 2026,410.00,0.00
401000,2026-04-30,ACH,Fournisseurs avril 2026,0.00,11000.00
512000,2026-04-30,ACH,Fournisseurs avril 2026,11000.00,0.00
411000,2026-04-30,VTE,Clients avril 2026,22100.00,0.00
512000,2026-04-30,VTE,Clients avril 2026,0.00,22100.00
601000,2026-04-30,ACH,Achats matières premières avril 2026,8800.00,0.00
512000,2026-04-30,ACH,Achats matières premières avril 2026,0.00,8800.00
606100,2026-04-30,ACH,Fournitures non stockables avril 2026,1520.00,0.00
512000,2026-04-30,ACH,Fournitures non stockables avril 2026,0.00,1520.00
613000,2026-04-30,ACH,Locations avril 2026,3200.00,0.00
512000,2026-04-30,ACH,Locations avril 2026,0.00,3200.00
621000,2026-04-30,ACH,Personnel extérieur avril 2026,4600.00,0.00
512000,2026-04-30,ACH,Personnel extérieur avril 2026,0.00,4600.00
641000,2026-04-30,PAIE,Rémunérations du personnel avril 2026,23100.00,0.00
512000,2026-04-30,PAIE,Rémunérations du personnel avril 2026,0.00,23100.00
645000,2026-04-30,PAIE,Charges de sécurité sociale avril 2026,9820.00,0.00
512000,2026-04-30,PAIE,Charges de sécurité sociale avril 2026,0.00,9820.00
661000,2026-04-30,BQ,Charges d'intérêts avril 2026,900.00,0.00
512000,2026-04-30,BQ,Charges d'intérêts avril 2026,0.00,900.00
681000,2026-04-30,OD,Dotations aux amortissements avril 2026,2100.00,0.00
512000,2026-04-30,OD,Dotations aux amortissements avril 2026,0.00,2100.00
701000,2026-04-30,VTE,Ventes de produits finis avril 2026,0.00,43200.00
512000,2026-04-30,VTE,Ventes de produits finis avril 2026,43200.00,0.00
706000,2026-04-30,VTE,Prestations de services avril 2026,0.00,6900.00
512000,2026-04-30,VTE,Prestations de services avril 2026,6900.00,0.00
708000,2026-04-30,VTE,Produits des activités annexes avril 2026,0.00,1100.00
512000,2026-04-30,VTE,Produits des activités annexes avril 2026,1100.00,0.00
761000,2026-04-30,BQ,Produits financiers avril 2026,0.00,350.00
512000,2026-04-30,BQ,Produits financiers avril 2026,350.00,0.00
401000,2026-05-31,ACH,Fournisseurs mai 2026,0.00,13400.00
512000,2026-05-31,ACH,Fournisseurs mai 2026,13400.00,0.00
411000,2026-05-31,VTE,Clients mai 2026,20500.00,0.00
512000,2026-05-31,VTE,Clients mai 2026,0.00,20500.00
601000,2026-05-31,ACH,Achats matières premières mai 2026,7900.00,0.00
512000,2026-05-31,ACH,Achats matières premières mai 2026,0.00,7900.00
606100,2026-05-31,ACH,Fournitures non stockables mai 2026,1410.00,0.00
512000,2026-05-31,ACH,Fournitures non stockables mai 2026,0.00,1410.00
613000,2026-05-31,ACH,Locations mai 2026,3200.00,0.00
512000,2026-05-31,ACH,Locations mai 2026,0.00,3200.00
621000,2026-05-31,ACH,Personnel extérieur mai 2026,4200.00,0.00
512000,2026-05-31,ACH,Personnel extérieur mai 2026,0.00,4200.00
641000,2026-05-31,PAIE,Rémunérations du personnel mai 2026,23100.00,0.00
512000,2026-05-31,PAIE,Rémunérations du personnel mai 2026,0.00,23100.00
645000,2026-05-31,PAIE,Charges de sécurité sociale mai 2026,9820.00,0.00
512000,2026-05-31,PAIE,Charges de sécurité sociale mai 2026,0.00,9820.00
661000,2026-05-31,BQ,Charges d'intérêts mai 2026,900.00,0.00
512000,2026-05-31,BQ,Charges d'intérêts mai 2026,0.00,900.00
681000,2026-05-31,OD,Dotations aux amortissements mai 2026,2100.00,0.00
512000,2026-05-31,OD,Dotations aux amortissements mai 2026,0.00,2100.00
701000,2026-05-31,VTE,Ventes de produits finis mai 2026,0.00,40100.00
512000,2026-05-31,VTE,Ventes de produits finis mai 2026,40100.00,0.00
706000,2026-05-31,VTE,Prestations de services mai 2026,0.00,6300.00
512000,2026-05-31,VTE,Prestations de services mai 2026,6300.00,0.00
708000,2026-05-31,VTE,Produits des activités annexes mai 2026,0.00,1250.00
512000,2026-05-31,VTE,Produits des activités annexes mai 2026,1250.00,0.00
761000,2026-05-31,BQ,Produits financiers mai 2026,0.00,390.00
512000,2026-05-31,BQ,Produits financiers mai 2026,390.00,0.00
401000,2026-06-30,ACH,Fournisseurs juin 2026,0.00,10200.00
512000,2026-06-30,ACH,Fournisseurs juin 2026,10200.00,0.00
411000,2026-06-30,VTE,Clients juin 2026,23400.00,0.00
512000,2026-06-30,VTE,Clients juin 2026,0.00,23400.00
601000,2026-06-30,ACH,Achats matières premières juin 2026,8500.00,0.00
512000,2026-06-30,ACH,Achats matières premières juin 2026,0.00,8500.00
606100,2026-06-30,ACH,,1580.00,0.00
512000,2026-06-30,ACH,Fournitures non stockables juin 2026,0.00,1580.00
613000,2026-06-30,ACH,Locations juin 2026,3200.00,0.00
512000,2026-06-30,ACH,Locations juin 2026,0.00,3200.00
621000,2026-06-30,ACH,Personnel extérieur juin 2026,4000.00,0.00
512000,2026-06-30,ACH,Personnel extérieur juin 2026,0.00,4000.00
641000,2026-06-30,PAIE,Rémunérations du personnel juin 2026,23100.00,0.00
512000,2026-06-30,PAIE,Rémunérations du personnel juin 2026,0.00,23100.00
645000,2026-06-30,PAIE,Charges de sécurité sociale juin 2026,9820.00,0.00
512000,2026-06-30,PAIE,Charges de sécurité sociale juin 2026,0.00,9820.00
661000,2026-06-30,BQ,Charges d'intérêts juin 2026,950.00,0.00
512000,2026-06-30,BQ,Charges d'intérêts juin 2026,0.00,950.00
681000,2026-06-30,OD,Dotations aux amortissements juin 2026,2100.00,0.00
512000,2026-06-30,OD,Dotations aux amortissements juin 2026,0.00,2100.00
701000,2026-06-30,VTE,Ventes de produits finis juin 2026,0.00,44600.00
512000,2026-06-30,VTE,Ventes de produits finis juin 2026,44600.00,0.00
706000,2026-06-30,VTE,Prestations de services juin 2026,0.00,7100.00
512000,2026-06-30,VTE,Prestations de services juin 2026,7100.00,0.00
708000,2026-06-30,VTE,Produits des activités annexes juin 2026,0.00,1400.00
512000,2026-06-30,VTE,Produits des activités annexes juin 2026,1400.00,0.00
761000,2026-06-30,BQ,Produits financiers juin 2026,0.00,420.00
512000,2026-06-30,BQ,Produits financiers juin 2026,420.00,0.00
622600,2026-03-31,ACH,Honoraires comptables mars 2026,1850.00,0.00
512000,2026-03-31,ACH,Honoraires comptables mars 2026,0.00,1850.00
681000,2026-05-31,OD,Dotation complémentaire mai 2026,350.00,0.00
613000,2026-04-30,ACH,Locations avril 2026,3200.00,0.00
512000,2026-04-30,ACH,Locations avril 2026,0.00,3200.00
